experiment,assessment_id,student_id,human_observation_id,generated_observation_id,human_text,generated_text,human_feedback_type,generated_feedback_type,human_scope,generated_scope,human_part_ids,generated_part_ids,human_task_ids,generated_task_ids,human_requirement_ids,generated_requirement_ids,scope_alignment,feedback_type_compatibility,requirement_alignment,semantic_similarity,manual_label,annotation_notes
A,assessment_1,student_7,obs_001,obs_002,The submission is good overall.,Include a brief explanation of how the prerequisite and approval conditions together establish eligibility.,strength,suggestion,overall,task,,part_1,,scenario_1,,S1-R6,unknown,potentially_compatible,not_assessable,0.15974828600883484,,
A,assessment_1,student_7,obs_001,obs_004,The submission is good overall.,The submission correctly derives d and constructs a ∧ d using classical reasoning.,strength,strength,overall,task,,part_1,,scenario_2,,S2-R2|S2-R4|S2-R5|S2-R7,unknown,compatible,not_assessable,0.2286645621061325,,
A,assessment_1,student_7,obs_001,obs_006,The submission is good overall.,Ensure the proof clearly explains the reasoning and includes comments for clarity.,strength,suggestion,overall,task,,part_1,,scenario_3,,S3-R6,unknown,potentially_compatible,not_assessable,0.1936335265636444,,
A,assessment_1,student_7,obs_001,obs_007,The submission is good overall.,The proof is well-structured and correctly follows the required implications and logical steps.,strength,strength,overall,task,,part_1,,scenario_4,,S4-R1|S4-R2|S4-R3|S4-R4|S4-R5|S4-R6|S4-R7,unknown,compatible,not_assessable,0.18078529834747314,,
A,assessment_1,student_7,obs_001,obs_009,The submission is good overall.,The proofs for T1-R1 and T1-R2 are correct and use the required axioms. The axioms are used correctly in the proofs.,strength,strength,overall,task,,part_2,,theorem_1,,T1-R1|T1-R2|T1-R3,unknown,compatible,not_assessable,0.10277443379163742,,
A,assessment_1,student_7,obs_001,obs_011,The submission is good overall.,The proofs demonstrate a clear understanding of the principle of explosion through logical deductions.,strength,strength,overall,task,,part_2,,theorem_2,,T2-R1|T2-R2|T2-R3|T2-R5,unknown,compatible,not_assessable,0.11389791965484619,,
A,assessment_1,student_7,obs_001,obs_013,The submission is good overall.,The student has successfully implemented the required proof steps using the specified axioms.,strength,strength,overall,task,,part_2,,theorem_3,,T3-R1|T3-R2|T3-R3|T3-R4|T3-R6,unknown,compatible,not_assessable,0.1534426212310791,,
A,assessment_1,student_7,obs_001,obs_015,The submission is good overall.,The proof demonstrates a clear understanding of logical principles and uses axioms effectively.,strength,strength,overall,task,,part_2,,theorem_4,,T4-R1|T4-R2|T4-R3|T4-R4|T4-R6,unknown,compatible,not_assessable,0.21287238597869873,,
A,assessment_1,student_7,obs_002,obs_001,Scenario 1 does not correctly combine the prerequisite condition and approval condition into the required conjunctive eligibility condition.,"The proof needs to clearly demonstrate both prerequisite and approval conditions, address all four cases, and include an explanation of how the conditions establish eligibility.",error,error,task,task,part_1,part_1,scenario_1,scenario_1,S1-R3,S1-R3|S1-R4|S1-R5|S1-R6,exact,compatible,overlap,0.6634945869445801,,
A,assessment_1,student_7,obs_002,obs_002,Scenario 1 does not correctly combine the prerequisite condition and approval condition into the required conjunctive eligibility condition.,Include a brief explanation of how the prerequisite and approval conditions together establish eligibility.,error,suggestion,task,task,part_1,part_1,scenario_1,scenario_1,S1-R3,S1-R6,exact,potentially_compatible,no_overlap,0.645200252532959,,
A,assessment_1,student_7,obs_003,obs_010,"Theorem 1 proves the wrong logical structure: the required goal is a conjunction containing two claims, but the submitted proof instead establishes an implication from a conjunction to a single outcome.",The explanation of the theorem is missing in the proof body. The theorem is not a valid Lean 4 theorem and does not compile.,error,error,task,task,part_2,part_2,theorem_1,theorem_1,T1-R1|T1-R2,T1-R4|T1-R5,exact,compatible,no_overlap,0.46992433071136475,,
